rank,name,year,rating,genre,certificate,run_time,decade,runtime_bin
1,The Shawshank Redemption,1994,9.3,Drama,R,142,1990,"(120.0, 150.0]"
2,The Godfather,1972,9.2,"Crime,Drama",R,175,1970,"(150.0, 180.0]"
3,The Dark Knight,2008,9.0,"Action,Crime,Drama",PG-13,152,2000,"(150.0, 180.0]"
4,The Godfather Part II,1974,9.0,"Crime,Drama",R,202,1970,"(180.0, inf]"
5,12 Angry Men,1957,9.0,"Crime,Drama",Not Rated,96,1950,"(90.0, 120.0]"
6,Schindler's List,1993,9.0,"Biography,Drama,History",R,195,1990,"(180.0, inf]"
7,The Lord of the Rings: The Return of the King,2003,9.0,"Action,Adventure,Drama",PG-13,201,2000,"(180.0, inf]"
8,Pulp Fiction,1994,8.9,"Crime,Drama",R,154,1990,"(150.0, 180.0]"
9,The Lord of the Rings: The Fellowship of the Ring,2001,8.8,"Action,Adventure,Drama",PG-13,178,2000,"(150.0, 180.0]"
10,"The Good, the Bad and the Ugly",1966,8.8,"Adventure,Western",Not Rated,178,1960,"(150.0, 180.0]"
11,Forrest Gump,1994,8.8,"Drama,Romance",PG-13,142,1990,"(120.0, 150.0]"
12,Fight Club,1999,8.8,Drama,R,139,1990,"(120.0, 150.0]"
13,The Lord of the Rings: The Two Towers,2002,8.8,"Action,Adventure,Drama",PG-13,179,2000,"(150.0, 180.0]"
14,Inception,2010,8.8,"Action,Adventure,Sci-Fi",PG-13,148,2010,"(120.0, 150.0]"
15,Star Wars: Episode V - The Empire Strikes Back,1980,8.7,"Action,Adventure,Fantasy",PG,124,1980,"(120.0, 150.0]"
16,The Matrix,1999,8.7,"Action,Sci-Fi",R,136,1990,"(120.0, 150.0]"
17,Goodfellas,1990,8.7,"Biography,Crime,Drama",R,145,1990,"(120.0, 150.0]"
18,One Flew Over the Cuckoo's Nest,1975,8.7,Drama,R,133,1970,"(120.0, 150.0]"
19,Se7en,1995,8.6,"Crime,Drama,Mystery",R,127,1990,"(120.0, 150.0]"
20,Seven Samurai,1954,8.6,"Action,Drama",Not Rated,207,1950,"(180.0, inf]"
21,It's a Wonderful Life,1946,8.6,"Drama,Family,Fantasy",PG,130,1940,"(120.0, 150.0]"
22,The Silence of the Lambs,1991,8.6,"Crime,Drama,Thriller",R,118,1990,"(90.0, 120.0]"
23,City of God,2002,8.6,"Crime,Drama",R,130,2000,"(120.0, 150.0]"
24,Saving Private Ryan,1998,8.6,"Drama,War",R,169,1990,"(150.0, 180.0]"
25,Interstellar,2014,8.6,"Adventure,Drama,Sci-Fi",PG-13,169,2010,"(150.0, 180.0]"
26,Life Is Beautiful,1997,8.6,"Comedy,Drama,Romance",PG-13,116,1990,"(90.0, 120.0]"
27,The Green Mile,1999,8.6,"Crime,Drama,Fantasy",R,189,1990,"(180.0, inf]"
28,Star Wars: Episode IV - A New Hope,1977,8.6,"Action,Adventure,Fantasy",PG,121,1970,"(120.0, 150.0]"
29,Terminator 2: Judgment Day,1991,8.6,"Action,Sci-Fi",R,137,1990,"(120.0, 150.0]"
30,Back to the Future,1985,8.5,"Adventure,Comedy,Sci-Fi",PG,116,1980,"(90.0, 120.0]"
31,Spirited Away,2001,8.6,"Animation,Adventure,Family",PG,125,2000,"(120.0, 150.0]"
32,The Pianist,2002,8.5,"Biography,Drama,Music",R,150,2000,"(120.0, 150.0]"
33,Psycho,1960,8.5,"Horror,Mystery,Thriller",R,109,1960,"(90.0, 120.0]"
34,Parasite,2019,8.5,"Drama,Thriller",R,132,2010,"(120.0, 150.0]"
35,Léon: The Professional,1994,8.5,"Action,Crime,Drama",R,110,1990,"(90.0, 120.0]"
36,The Lion King,1994,8.5,"Animation,Adventure,Drama",G,88,1990,"(0.0, 90.0]"
37,Gladiator,2000,8.5,"Action,Adventure,Drama",R,155,2000,"(150.0, 180.0]"
38,American History X,1998,8.5,"Crime,Drama",R,119,1990,"(90.0, 120.0]"
39,The Departed,2006,8.5,"Crime,Drama,Thriller",R,151,2000,"(150.0, 180.0]"
40,The Usual Suspects,1995,8.5,"Crime,Drama,Mystery",R,106,1990,"(90.0, 120.0]"
41,The Prestige,2006,8.5,"Drama,Mystery,Sci-Fi",PG-13,130,2000,"(120.0, 150.0]"
42,Whiplash,2014,8.5,"Drama,Music",R,106,2010,"(90.0, 120.0]"
43,Casablanca,1942,8.5,"Drama,Romance,War",PG,102,1940,"(90.0, 120.0]"
44,Grave of the Fireflies,1988,8.5,"Animation,Drama,War",Not Rated,89,1980,"(0.0, 90.0]"
45,Harakiri,1962,8.6,"Action,Drama,Mystery",Not Rated,133,1960,"(120.0, 150.0]"
46,The Intouchables,2011,8.5,"Biography,Comedy,Drama",R,112,2010,"(90.0, 120.0]"
47,Modern Times,1936,8.5,"Comedy,Drama,Romance",G,87,1930,"(0.0, 90.0]"
48,Once Upon a Time in the West,1968,8.5,Western,PG-13,165,1960,"(150.0, 180.0]"
49,Rear Window,1954,8.5,"Mystery,Thriller",PG,112,1950,"(90.0, 120.0]"
50,Cinema Paradiso,1988,8.5,"Drama,Romance",PG,155,1980,"(150.0, 180.0]"
51,Alien,1979,8.5,"Horror,Sci-Fi",R,117,1970,"(90.0, 120.0]"
52,City Lights,1931,8.5,"Comedy,Drama,Romance",G,87,1930,"(0.0, 90.0]"
53,Apocalypse Now,1979,8.5,"Drama,Mystery,War",R,147,1970,"(120.0, 150.0]"
54,Memento,2000,8.4,"Mystery,Thriller",R,113,2000,"(90.0, 120.0]"
55,Django Unchained,2012,8.4,"Drama,Western",R,165,2010,"(150.0, 180.0]"
56,Indiana Jones and the Raiders of the Lost Ark,1981,8.4,"Action,Adventure",PG,115,1980,"(90.0, 120.0]"
57,WALL·E,2008,8.4,"Animation,Adventure,Family",G,98,2000,"(90.0, 120.0]"
58,The Lives of Others,2006,8.4,"Drama,Mystery,Thriller",R,137,2000,"(120.0, 150.0]"
59,Sunset Blvd.,1950,8.4,"Drama,Film-Noir",Not Rated,110,1950,"(90.0, 120.0]"
60,Paths of Glory,1957,8.4,"Drama,War",Not Rated,88,1950,"(0.0, 90.0]"
61,The Shining,1980,8.4,"Drama,Horror",R,146,1980,"(120.0, 150.0]"
62,The Great Dictator,1940,8.4,"Comedy,Drama,War",G,125,1940,"(120.0, 150.0]"
63,Avengers: Infinity War,2018,8.4,"Action,Adventure,Sci-Fi",PG-13,149,2010,"(120.0, 150.0]"
64,Witness for the Prosecution,1957,8.4,"Crime,Drama,Mystery",Not Rated,116,1950,"(90.0, 120.0]"
65,Aliens,1986,8.4,"Action,Adventure,Sci-Fi",R,137,1980,"(120.0, 150.0]"
66,Spider-Man: Into the Spider-Verse,2018,8.4,"Animation,Action,Adventure",PG,117,2010,"(90.0, 120.0]"
67,American Beauty,1999,8.4,Drama,R,122,1990,"(120.0, 150.0]"
68,Dr. Strangelove or: How I Learned to Stop Worrying and Love the Bomb,1964,8.4,"Comedy,War",PG,95,1960,"(90.0, 120.0]"
69,The Dark Knight Rises,2012,8.4,"Action,Drama",PG-13,164,2010,"(150.0, 180.0]"
70,Oldboy,2003,8.4,"Action,Drama,Mystery",R,120,2000,"(90.0, 120.0]"
71,Inglourious Basterds,2009,8.3,"Adventure,Drama,War",R,153,2000,"(150.0, 180.0]"
72,Amadeus,1984,8.4,"Biography,Drama,Music",PG,160,1980,"(150.0, 180.0]"
73,Coco,2017,8.4,"Animation,Adventure,Comedy",PG,105,2010,"(90.0, 120.0]"
74,Toy Story,1995,8.3,"Animation,Adventure,Comedy",G,81,1990,"(0.0, 90.0]"
75,Joker,2019,8.4,"Crime,Drama,Thriller",R,122,2010,"(120.0, 150.0]"
76,Braveheart,1995,8.4,"Biography,Drama,History",R,178,1990,"(150.0, 180.0]"
77,The Boat,1981,8.4,"Drama,War",Not Rated,25,1980,"(0.0, 90.0]"
78,Avengers: Endgame,2019,8.4,"Action,Adventure,Drama",PG-13,181,2010,"(180.0, inf]"
79,Princess Mononoke,1997,8.4,"Animation,Action,Adventure",PG-13,134,1990,"(120.0, 150.0]"
80,Once Upon a Time in America,1984,8.3,"Crime,Drama",R,229,1980,"(180.0, inf]"
81,Good Will Hunting,1997,8.3,"Drama,Romance",R,126,1990,"(120.0, 150.0]"
82,Your Name.,2016,8.4,"Animation,Drama,Fantasy",PG,106,2010,"(90.0, 120.0]"
83,3 Idiots,2009,8.4,"Comedy,Drama",PG-13,170,2000,"(150.0, 180.0]"
84,Singin' in the Rain,1952,8.3,"Comedy,Musical,Romance",G,103,1950,"(90.0, 120.0]"
85,Requiem for a Dream,2000,8.3,Drama,Not Rated,102,2000,"(90.0, 120.0]"
86,Toy Story 3,2010,8.3,"Animation,Adventure,Comedy",G,103,2010,"(90.0, 120.0]"
87,High and Low,1963,8.4,"Crime,Drama,Mystery",Not Rated,143,1960,"(120.0, 150.0]"
88,Capernaum,2018,8.4,Drama,R,126,2010,"(120.0, 150.0]"
89,Star Wars: Episode VI - Return of the Jedi,1983,8.3,"Action,Adventure,Fantasy",PG,131,1980,"(120.0, 150.0]"
90,Eternal Sunshine of the Spotless Mind,2004,8.3,"Drama,Romance,Sci-Fi",R,108,2000,"(90.0, 120.0]"
91,2001: A Space Odyssey,1968,8.3,"Adventure,Sci-Fi",G,149,1960,"(120.0, 150.0]"
92,Reservoir Dogs,1992,8.3,"Crime,Thriller",R,99,1990,"(90.0, 120.0]"
93,Come and See,1985,8.4,"Drama,Thriller,War",Not Rated,142,1980,"(120.0, 150.0]"
94,The Hunt,2012,8.3,Drama,R,115,2010,"(90.0, 120.0]"
95,Citizen Kane,1941,8.3,"Drama,Mystery",PG,119,1940,"(90.0, 120.0]"
96,M,1931,8.3,"Crime,Mystery,Thriller",Not Rated,99,1930,"(90.0, 120.0]"
97,Lawrence of Arabia,1962,8.3,"Adventure,Biography,Drama",Not Rated,218,1960,"(180.0, inf]"
98,North by Northwest,1959,8.3,"Action,Adventure,Mystery",Not Rated,136,1950,"(120.0, 150.0]"
99,Vertigo,1958,8.3,"Mystery,Romance,Thriller",PG,128,1950,"(120.0, 150.0]"
100,Ikiru,1952,8.3,Drama,Not Rated,143,1950,"(120.0, 150.0]"
101,Amélie,2001,8.3,"Comedy,Romance",R,122,2000,"(120.0, 150.0]"
102,The Apartment,1960,8.3,"Comedy,Drama,Romance",Not Rated,125,1960,"(120.0, 150.0]"
103,A Clockwork Orange,1971,8.3,"Crime,Sci-Fi",NC-17,136,1970,"(120.0, 150.0]"
104,Double Indemnity,1944,8.3,"Crime,Drama,Film-Noir",Not Rated,107,1940,"(90.0, 120.0]"
105,Full Metal Jacket,1987,8.3,"Drama,War",R,116,1980,"(90.0, 120.0]"
106,Top Gun: Maverick,2022,8.3,"Action,Drama",PG-13,130,2020,"(120.0, 150.0]"
107,Scarface,1983,8.3,"Crime,Drama",R,170,1980,"(150.0, 180.0]"
108,Hamilton,2020,8.4,"Biography,Drama,History",PG-13,160,2020,"(150.0, 180.0]"
109,Incendies,2010,8.3,"Drama,Mystery",R,131,2010,"(120.0, 150.0]"
110,To Kill a Mockingbird,1962,8.3,"Crime,Drama",Not Rated,129,1960,"(120.0, 150.0]"
111,Heat,1995,8.3,"Action,Crime,Drama",R,170,1990,"(150.0, 180.0]"
112,The Sting,1973,8.3,"Comedy,Crime,Drama",PG,129,1970,"(120.0, 150.0]"
113,Up,2009,8.3,"Animation,Adventure,Comedy",PG,96,2000,"(90.0, 120.0]"
114,A Separation,2011,8.3,Drama,PG-13,123,2010,"(120.0, 150.0]"
115,Metropolis,1927,8.3,"Drama,Sci-Fi",Not Rated,153,1920,"(150.0, 180.0]"
116,Taxi Driver,1976,8.2,"Crime,Drama",R,114,1970,"(90.0, 120.0]"
117,L.A. Confidential,1997,8.2,"Crime,Drama,Mystery",R,138,1990,"(120.0, 150.0]"
118,Die Hard,1988,8.2,"Action,Thriller",R,132,1980,"(120.0, 150.0]"
119,Snatch,2000,8.2,"Comedy,Crime",R,102,2000,"(90.0, 120.0]"
120,Indiana Jones and the Last Crusade,1989,8.2,"Action,Adventure",PG-13,127,1980,"(120.0, 150.0]"
121,Bicycle Thieves,1948,8.3,Drama,Not Rated,89,1940,"(0.0, 90.0]"
122,Like Stars on Earth,2007,8.3,"Drama,Family",PG,165,2000,"(150.0, 180.0]"
123,1917,2019,8.2,"Action,Drama,War",R,119,2010,"(90.0, 120.0]"
124,Downfall,2004,8.2,"Biography,Drama,History",R,156,2000,"(150.0, 180.0]"
125,Dangal,2016,8.3,"Action,Biography,Drama",Not Rated,161,2010,"(150.0, 180.0]"
126,For a Few Dollars More,1965,8.2,Western,R,132,1960,"(120.0, 150.0]"
127,Batman Begins,2005,8.2,"Action,Crime,Drama",PG-13,140,2000,"(120.0, 150.0]"
128,The Kid,1921,8.3,"Comedy,Drama,Family",Not Rated,68,1920,"(0.0, 90.0]"
129,Some Like It Hot,1959,8.2,"Comedy,Music,Romance",Not Rated,121,1950,"(120.0, 150.0]"
130,The Father,2020,8.2,"Drama,Mystery",PG-13,97,2020,"(90.0, 120.0]"
131,All About Eve,1950,8.2,Drama,Not Rated,138,1950,"(120.0, 150.0]"
132,The Wolf of Wall Street,2013,8.2,"Biography,Comedy,Crime",R,180,2010,"(150.0, 180.0]"
133,Green Book,2018,8.2,"Biography,Comedy,Drama",PG-13,130,2010,"(120.0, 150.0]"
134,Judgment at Nuremberg,1961,8.3,"Drama,War",Not Rated,179,1960,"(150.0, 180.0]"
135,Casino,1995,8.2,"Crime,Drama",R,178,1990,"(150.0, 180.0]"
136,Ran,1985,8.2,"Action,Drama,War",R,162,1980,"(150.0, 180.0]"
137,Pan's Labyrinth,2006,8.2,"Drama,Fantasy,War",R,118,2000,"(90.0, 120.0]"
138,The Truman Show,1998,8.2,"Comedy,Drama",PG,103,1990,"(90.0, 120.0]"
139,There Will Be Blood,2007,8.2,Drama,R,158,2000,"(150.0, 180.0]"
140,Unforgiven,1992,8.2,"Drama,Western",R,130,1990,"(120.0, 150.0]"
141,The Sixth Sense,1999,8.2,"Drama,Mystery,Thriller",PG-13,107,1990,"(90.0, 120.0]"
142,Shutter Island,2010,8.2,"Mystery,Thriller",R,138,2010,"(120.0, 150.0]"
143,A Beautiful Mind,2001,8.2,"Biography,Drama",PG-13,135,2000,"(120.0, 150.0]"
144,Jurassic Park,1993,8.2,"Action,Adventure,Sci-Fi",PG-13,127,1990,"(120.0, 150.0]"
145,Yojimbo,1961,8.2,"Action,Drama,Thriller",Not Rated,110,1960,"(90.0, 120.0]"
146,The Treasure of the Sierra Madre,1948,8.2,"Adventure,Drama,Western",Not Rated,126,1940,"(120.0, 150.0]"
147,Monty Python and the Holy Grail,1975,8.2,"Adventure,Comedy,Fantasy",PG,91,1970,"(90.0, 120.0]"
148,The Great Escape,1963,8.2,"Adventure,Drama,History",Not Rated,172,1960,"(150.0, 180.0]"
149,No Country for Old Men,2007,8.2,"Crime,Drama,Thriller",R,122,2000,"(120.0, 150.0]"
150,Spider-Man: No Way Home,2021,8.2,"Action,Adventure,Fantasy",PG-13,148,2020,"(120.0, 150.0]"
151,Kill Bill: Vol. 1,2003,8.2,"Action,Crime,Drama",R,111,2000,"(90.0, 120.0]"
152,Rashomon,1950,8.2,"Crime,Drama,Mystery",Not Rated,88,1950,"(0.0, 90.0]"
153,The Thing,1982,8.2,"Horror,Mystery,Sci-Fi",R,109,1980,"(90.0, 120.0]"
154,Finding Nemo,2003,8.2,"Animation,Adventure,Comedy",G,100,2000,"(90.0, 120.0]"
155,The Elephant Man,1980,8.2,"Biography,Drama",PG,124,1980,"(120.0, 150.0]"
156,Chinatown,1974,8.2,"Drama,Mystery,Thriller",R,130,1970,"(120.0, 150.0]"
157,Raging Bull,1980,8.2,"Biography,Drama,Sport",R,129,1980,"(120.0, 150.0]"
158,V for Vendetta,2005,8.2,"Action,Drama,Sci-Fi",R,132,2000,"(120.0, 150.0]"
159,Gone with the Wind,1939,8.2,"Drama,Romance,War",Not Rated,238,1930,"(180.0, inf]"
160,"Lock, Stock and Two Smoking Barrels",1998,8.2,"Action,Comedy,Crime",R,107,1990,"(90.0, 120.0]"
161,Inside Out,2015,8.2,"Animation,Adventure,Comedy",PG,95,2010,"(90.0, 120.0]"
162,Dial M for Murder,1954,8.2,"Crime,Thriller",PG,105,1950,"(90.0, 120.0]"
163,The Secret in Their Eyes,2009,8.2,"Drama,Mystery,Romance",R,129,2000,"(120.0, 150.0]"
164,Howl's Moving Castle,2004,8.2,"Animation,Adventure,Family",PG,119,2000,"(90.0, 120.0]"
165,"Three Billboards Outside Ebbing, Missouri",2017,8.1,"Comedy,Crime,Drama",R,115,2010,"(90.0, 120.0]"
166,The Bridge on the River Kwai,1957,8.2,"Adventure,Drama,War",PG,161,1950,"(150.0, 180.0]"
167,Trainspotting,1996,8.1,Drama,R,93,1990,"(90.0, 120.0]"
168,Prisoners,2013,8.1,"Crime,Drama,Mystery",R,153,2010,"(150.0, 180.0]"
169,Warrior,2011,8.2,"Action,Drama,Sport",PG-13,140,2010,"(120.0, 150.0]"
170,Fargo,1996,8.1,"Crime,Thriller",R,98,1990,"(90.0, 120.0]"
171,Gran Torino,2008,8.1,Drama,R,116,2000,"(90.0, 120.0]"
172,My Neighbor Totoro,1988,8.1,"Animation,Comedy,Family",G,86,1980,"(0.0, 90.0]"
173,Catch Me If You Can,2002,8.1,"Biography,Crime,Drama",PG-13,141,2000,"(120.0, 150.0]"
174,Million Dollar Baby,2004,8.1,"Drama,Sport",PG-13,132,2000,"(120.0, 150.0]"
175,Children of Heaven,1997,8.2,"Drama,Family,Sport",PG,89,1990,"(0.0, 90.0]"
176,Blade Runner,1982,8.1,"Action,Drama,Sci-Fi",R,117,1980,"(90.0, 120.0]"
177,The Gold Rush,1925,8.1,"Adventure,Comedy,Drama",Not Rated,95,1920,"(90.0, 120.0]"
178,Before Sunrise,1995,8.1,"Drama,Romance",R,101,1990,"(90.0, 120.0]"
179,12 Years a Slave,2013,8.1,"Biography,Drama,History",R,134,2010,"(120.0, 150.0]"
180,Klaus,2019,8.2,"Animation,Adventure,Comedy",PG,96,2010,"(90.0, 120.0]"
181,Harry Potter and the Deathly Hallows: Part 2,2011,8.1,"Adventure,Family,Fantasy",PG-13,130,2010,"(120.0, 150.0]"
182,On the Waterfront,1954,8.1,"Crime,Drama,Thriller",Not Rated,108,1950,"(90.0, 120.0]"
183,Ben-Hur,1959,8.1,"Adventure,Drama",G,212,1950,"(180.0, inf]"
184,Gone Girl,2014,8.1,"Drama,Mystery,Thriller",R,149,2010,"(120.0, 150.0]"
185,The Grand Budapest Hotel,2014,8.1,"Adventure,Comedy,Crime",R,99,2010,"(90.0, 120.0]"
186,Wild Strawberries,1957,8.1,"Drama,Romance",Not Rated,91,1950,"(90.0, 120.0]"
187,The General,1926,8.1,"Action,Adventure,Comedy",Not Rated,67,1920,"(0.0, 90.0]"
188,The Third Man,1949,8.1,"Film-Noir,Mystery,Thriller",Not Rated,93,1940,"(90.0, 120.0]"
189,In the Name of the Father,1993,8.1,"Biography,Crime,Drama",R,133,1990,"(120.0, 150.0]"
190,The Deer Hunter,1978,8.1,"Drama,War",R,183,1970,"(180.0, inf]"
191,Barry Lyndon,1975,8.1,"Adventure,Drama,War",PG,185,1970,"(180.0, inf]"
192,Hacksaw Ridge,2016,8.1,"Biography,Drama,History",R,139,2010,"(120.0, 150.0]"
193,The Wages of Fear,1953,8.2,"Adventure,Drama,Thriller",Not Rated,131,1950,"(120.0, 150.0]"
194,Memories of Murder,2003,8.1,"Crime,Drama,Mystery",Not Rated,132,2000,"(120.0, 150.0]"
195,Sherlock Jr.,1924,8.2,"Action,Comedy,Romance",Not Rated,45,1920,"(0.0, 90.0]"
196,Wild Tales,2014,8.1,"Comedy,Drama,Thriller",R,122,2010,"(120.0, 150.0]"
197,Mr. Smith Goes to Washington,1939,8.1,"Comedy,Drama",Not Rated,129,1930,"(120.0, 150.0]"
198,Mad Max: Fury Road,2015,8.1,"Action,Adventure,Sci-Fi",R,120,2010,"(90.0, 120.0]"
199,The Seventh Seal,1957,8.1,"Drama,Fantasy",Not Rated,96,1950,"(90.0, 120.0]"
200,Mary and Max,2009,8.1,"Animation,Comedy,Drama",Not Rated,92,2000,"(90.0, 120.0]"
201,How to Train Your Dragon,2010,8.1,"Animation,Action,Adventure",PG,98,2010,"(90.0, 120.0]"
202,Room,2015,8.1,"Drama,Thriller",R,118,2010,"(90.0, 120.0]"
203,"Monsters, Inc.",2001,8.1,"Animation,Adventure,Comedy",G,92,2000,"(90.0, 120.0]"
204,Jaws,1975,8.1,"Adventure,Thriller",PG,124,1970,"(120.0, 150.0]"
205,Dead Poets Society,1989,8.1,"Comedy,Drama",PG,128,1980,"(120.0, 150.0]"
206,The Big Lebowski,1998,8.1,"Comedy,Crime",R,117,1990,"(90.0, 120.0]"
207,Tokyo Story,1953,8.2,Drama,Not Rated,136,1950,"(120.0, 150.0]"
208,The Passion of Joan of Arc,1928,8.2,"Biography,Drama,History",Not Rated,114,1920,"(90.0, 120.0]"
209,Hotel Rwanda,2004,8.1,"Biography,Drama,History",PG-13,121,2000,"(120.0, 150.0]"
210,Ford v Ferrari,2019,8.1,"Action,Biography,Drama",PG-13,152,2010,"(150.0, 180.0]"
211,Rocky,1976,8.1,"Drama,Sport",PG,120,1970,"(90.0, 120.0]"
212,Platoon,1986,8.1,"Drama,War",R,120,1980,"(90.0, 120.0]"
213,Ratatouille,2007,8.1,"Animation,Adventure,Comedy",G,111,2000,"(90.0, 120.0]"
214,Spotlight,2015,8.1,"Biography,Crime,Drama",R,129,2010,"(120.0, 150.0]"
215,The Terminator,1984,8.1,"Action,Sci-Fi",R,107,1980,"(90.0, 120.0]"
216,Logan,2017,8.1,"Action,Drama,Sci-Fi",R,137,2010,"(120.0, 150.0]"
217,Stand by Me,1986,8.1,"Adventure,Drama",PG-13,89,1980,"(0.0, 90.0]"
218,Rush,2013,8.1,"Action,Biography,Drama",R,123,2010,"(120.0, 150.0]"
219,Network,1976,8.1,Drama,R,121,1970,"(120.0, 150.0]"
220,Into the Wild,2007,8.1,"Adventure,Biography,Drama",R,148,2000,"(120.0, 150.0]"
221,Before Sunset,2004,8.1,"Drama,Romance",R,80,2000,"(0.0, 90.0]"
222,The Wizard of Oz,1939,8.1,"Adventure,Family,Fantasy",G,102,1930,"(90.0, 120.0]"
223,Pather Panchali,1955,8.3,Drama,Not Rated,125,1950,"(120.0, 150.0]"
224,Groundhog Day,1993,8.1,"Comedy,Drama,Fantasy",PG,101,1990,"(90.0, 120.0]"
225,The Best Years of Our Lives,1946,8.1,"Drama,Romance,War",Not Rated,170,1940,"(150.0, 180.0]"
226,The Exorcist,1973,8.1,Horror,R,122,1970,"(120.0, 150.0]"
227,The Incredibles,2004,8.0,"Animation,Action,Adventure",PG,115,2000,"(90.0, 120.0]"
228,To Be or Not to Be,1942,8.2,"Comedy,Romance,War",Not Rated,99,1940,"(90.0, 120.0]"
229,La haine,1995,8.1,"Crime,Drama",Not Rated,98,1990,"(90.0, 120.0]"
230,The Battle of Algiers,1966,8.1,"Drama,War",Not Rated,121,1960,"(120.0, 150.0]"
231,Pirates of the Caribbean: The Curse of the Black Pearl,2003,8.1,"Action,Adventure,Fantasy",PG-13,143,2000,"(120.0, 150.0]"
232,Hachi: A Dog's Tale,2009,8.1,"Biography,Drama,Family",G,93,2000,"(90.0, 120.0]"
233,The Grapes of Wrath,1940,8.1,Drama,Not Rated,129,1940,"(120.0, 150.0]"
234,Jai Bhim,2021,8.8,"Crime,Drama,Mystery",R,164,2020,"(150.0, 180.0]"
235,My Father and My Son,2005,8.2,"Drama,Family",Not Rated,112,2000,"(90.0, 120.0]"
236,Amores Perros,2000,8.1,"Drama,Thriller",R,154,2000,"(150.0, 180.0]"
237,Rebecca,1940,8.1,"Drama,Film-Noir,Mystery",Not Rated,130,1940,"(120.0, 150.0]"
238,Cool Hand Luke,1967,8.1,"Crime,Drama",PG,127,1960,"(120.0, 150.0]"
239,The Handmaiden,2016,8.1,"Drama,Romance,Thriller",Not Rated,145,2010,"(120.0, 150.0]"
240,The 400 Blows,1959,8.1,"Crime,Drama",Not Rated,99,1950,"(90.0, 120.0]"
241,The Sound of Music,1965,8.1,"Biography,Drama,Family",G,172,1960,"(150.0, 180.0]"
242,It Happened One Night,1934,8.1,"Comedy,Romance",Not Rated,105,1930,"(90.0, 120.0]"
243,Persona,1966,8.1,"Drama,Thriller",Not Rated,83,1960,"(0.0, 90.0]"
244,Life of Brian,1979,8.0,Comedy,R,94,1970,"(90.0, 120.0]"
245,The Iron Giant,1999,8.1,"Animation,Action,Adventure",PG,86,1990,"(0.0, 90.0]"
246,The Help,2011,8.1,Drama,PG-13,146,2010,"(120.0, 150.0]"
247,Dersu Uzala,1975,8.2,"Adventure,Biography,Drama",G,142,1970,"(120.0, 150.0]"
248,Aladdin,1992,8.0,"Animation,Adventure,Comedy",G,90,1990,"(0.0, 90.0]"
249,Gandhi,1982,8.0,"Biography,Drama,History",PG,191,1980,"(180.0, inf]"
250,Dances with Wolves,1990,8.0,"Adventure,Drama,Western",PG-13,181,1990,"(180.0, inf]"
